-- Значения в таблицах 
INSERT INTO roles (id, name)
VALUES (1, 'student'), (2, 'lector');

INSERT INTO groups (id, name)
VALUES (1, '2021A'), 
(2, '2021B'),
(3, '2021C');

INSERT INTO subjects (id, name)
VALUES (1, 'geometry'), 
(2, 'algebra'),
(3, 'history'),
(4, 'geofraphy'),
(5, 'english');

INSERT INTO users (id, name, family_name, id_role)
VALUES (1, 'Anna', 'Khodyka', 2),
(2, 'Valery', 'Shevchenko', 2),
(3, 'Ivan', 'Kaloshin', 2),
(4, 'Oksana', 'Kopanitsha', 1),
(5, 'Iryna', 'Korovina', 1),
(6, 'Dmytro', 'Lysenko', 1),
(7, 'Illya', 'Manko', 1),
(8, 'Oleg', 'Sylik', 1),
(9, 'Andrey', 'Meylah', 1),
(10, 'Anton', 'Lipatov', 1);

INSERT INTO users (id, name, family_name, id_role)
VALUES (11, 'Artem', 'Romanov', 1),
(12, 'Anastasia', 'Kormova', 1),
(13, 'Ludmila', 'Kovalenko', 1),
(14, 'Polina', 'Popova', 1),
(15, 'Ivan', 'Zelensky', 1),
(16, 'Andrey', 'Lipovetsky', 1),
(17, 'Antonina', 'Zarenko', 1),
(18, 'Ekaterina', 'Zakrevskaya', 1),
(19, 'Ivan', 'Antonenko', 1),
(20, 'Svetlana', 'Baranova', 1),
(21, 'Anton', 'Stetsuk', 1),
(22, 'Andrey', 'Antonov', 1),
(23, 'Olga', 'Moysiychuk', 1),
(24, 'Olga', 'Bondar', 1),
(25, 'Elena', 'Melnik', 1),
(26, 'Anatoliy', 'Ropay', 1),
(27, 'Gennadiy', 'Filchenko', 1),
(28, 'Oleg', 'Tishenko', 1),
(29, 'Roman', 'Kotov', 1),
(30, 'Zahar', 'Nazarenko', 1),
(31, 'Maria', 'Marinenko', 1),
(32, 'Olga', 'Korman', 1),
(33, 'Nina', 'Kashaeva', 1),
(34, 'Suzanna', 'Lyhvar', 1),
(35, 'Chloe', 'Dedkar', 1),
(36, 'Anna', 'Korsar', 1),
(37, 'Anita', 'Lutsenko', 1),
(38, 'Yulia', 'Ushenko', 1),
(39, 'Ludmila', 'Zolotareva', 1),
(40, 'Petro', 'Poroshenko', 1),
(41, 'Zhanna', 'Kazkar', 1),
(42, 'Yulia', 'Pahomova', 1),
(43, 'Oleg', 'Pahomov', 1);


INSERT INTO schedule (id, id_group, id_subject, id_lector)
VALUES (1, 1, 1, 1), 
(2, 1, 2, 1),
(3, 2, 1, 1), 
(4, 2, 2, 1),
(5, 3, 1, 1), 
(6, 3, 2, 1),
(7, 1, 3, 2),
(8, 1, 4, 2),
(9, 2, 3, 2),
(10, 2, 4, 2),
(11, 3, 3, 2),
(12, 3, 4, 2),
(13, 1, 5, 3),
(14, 2, 5, 3),
(15, 3, 5, 3);

INSERT into students_in_groups (id, id_group, id_student)
VALUES (1, 1, 4),
(2, 1, 5),
(3, 2, 6),
(4, 2, 7),
(5, 3, 8),
(6, 3, 9),
(7, 3, 10);

INSERT into students_in_groups (id, id_group, id_student)
VALUES (8, 1, 11),
(9, 1, 12),
(10, 1, 13),
(11, 1, 14),
(12, 1, 15),
(13, 1, 16),
(14, 1, 17),
(15, 1, 18),
(16, 1, 19),
(17, 1, 20),
(18, 1, 21),
(19, 1, 22),
(20, 1, 23),
(21, 2, 24),
(22, 2, 25),
(23, 2, 26),
(24, 2, 27),
(25, 2, 28),
(26, 2, 29),
(27, 2, 30),
(28, 2, 31),
(29, 2, 32),
(30, 2, 33),
(31, 2, 34),
(32, 3, 35),
(33, 3, 36),
(34, 3, 37),
(35, 3, 38),
(36, 3, 39),
(37, 3, 40),
(38, 3, 41),
(39, 3, 42),
(40, 3, 43);


INSERT INTO marks (id, id_student, id_subject, mark)
VALUES (1, 4, 1, 2), 
(2, 4, 2, 3), 
(3, 4, 3, 5), 
(4, 4, 4, 3), 
(5, 4, 5, 3), 
(6, 5, 1, 3), 
(7, 5, 2, 3), 
(8, 5, 3, 2), 
(9, 5, 4, 4), 
(10, 5, 5, 3), 
(11, 6, 1, 3), 
(12, 6, 2, 2), 
(13, 6, 3, 5), 
(14, 6, 4, 3), 
(15, 6, 5, 3), 
(16, 7, 1, 5), 
(17, 7, 2, 4), 
(18, 7, 3, 3), 
(19, 7, 4, 2), 
(20, 7, 5, 3), 
(21, 8, 1, 5), 
(22, 8, 2, 2), 
(23, 8, 3, 2), 
(24, 8, 4, 3), 
(25, 8, 5, 3), 
(26, 9, 1, 4), 
(27, 9, 2, 4), 
(28, 9, 3, 3), 
(29, 9, 4, 2), 
(30, 9, 5, 2), 
(31, 10, 1, 4), 
(32, 10, 2, 2), 
(33, 10, 3, 5), 
(34, 10, 4, 3), 
(35, 10, 5, 2);

INSERT INTO marks (id, id_student, id_subject, mark)
VALUES (36, 4, 1, 2), 
(37, 4, 2, 3), 
(38, 4, 3, 5), 
(39, 4, 4, 3), 
(40, 4, 5, 3), 
(41, 5, 1, 3), 
(42, 5, 2, 3), 
(43, 5, 3, 2), 
(44, 5, 4, 4), 
(45, 5, 5, 3);

INSERT INTO marks (id, id_student, id_subject, mark, created_at)
VALUES (46, 4, 1, 5, 2021-08-31), 
(47, 4, 2, 5, 2021-08-31);

INSERT INTO marks (id, id_student, id_subject, mark, created_at)
VALUES (48, 1, 1, 4,  2021-08-20),
(49, 1, 2, 3,  2021-08-20),
(50, 1, 3, 4,  2021-08-20),
(51, 1, 4, 4,  2021-08-20),
(52, 1, 5, 4,  2021-08-20),
(53, 1, 1, 3,  2021-08-25),
(54, 1, 2, 3,  2021-08-25),
(55, 1, 3, 2,  2021-08-25),
(56, 1, 4, 5,  2021-08-25),
(57, 1, 5, 2,  2021-08-25),
(58, 1, 1, 4,  2021-09-05),
(59, 1, 2, 4,  2021-09-05),
(60, 1, 3, 2,  2021-09-05),
(61, 1, 4, 5,  2021-09-05),
(62, 1, 5, 4,  2021-09-05),
(63, 1, 1, 2,  2021-09-10),
(64, 1, 2, 4,  2021-09-10),
(65, 1, 3, 5,  2021-09-10),
(66, 1, 4, 4,  2021-09-10),
(67, 1, 5, 5,  2021-09-10),
(68, 2, 1, 3,  2021-08-20),
(69, 2, 2, 5,  2021-08-20),
(70, 2, 3, 3,  2021-08-20),
(71, 2, 4, 3,  2021-08-20),
(72, 2, 5, 3,  2021-08-20),
(73, 2, 1, 2,  2021-08-25),
(74, 2, 2, 2,  2021-08-25),
(75, 2, 3, 5,  2021-08-25),
(76, 2, 4, 5,  2021-08-25),
(77, 2, 5, 3,  2021-08-25),
(78, 2, 1, 2,  2021-09-05),
(79, 2, 2, 5,  2021-09-05),
(80, 2, 3, 2,  2021-09-05),
(81, 2, 4, 2,  2021-09-05),
(82, 2, 5, 4,  2021-09-05),
(83, 2, 1, 5,  2021-09-10),
(84, 2, 2, 2,  2021-09-10),
(85, 2, 3, 4,  2021-09-10),
(86, 2, 4, 4,  2021-09-10),
(87, 2, 5, 4,  2021-09-10),
(88, 3, 1, 3,  2021-08-20),
(89, 3, 2, 2,  2021-08-20),
(90, 3, 3, 2,  2021-08-20),
(91, 3, 4, 3,  2021-08-20),
(92, 3, 5, 4,  2021-08-20),
(93, 3, 1, 3,  2021-08-25),
(94, 3, 2, 3,  2021-08-25),
(95, 3, 3, 5,  2021-08-25),
(96, 3, 4, 2,  2021-08-25),
(97, 3, 5, 5,  2021-08-25),
(98, 3, 1, 5,  2021-09-05),
(99, 3, 2, 4,  2021-09-05),
(100, 3, 3, 2,  2021-09-05),
(101, 3, 4, 3,  2021-09-05),
(102, 3, 5, 3,  2021-09-05),
(103, 3, 1, 2,  2021-09-10),
(104, 3, 2, 5,  2021-09-10),
(105, 3, 3, 2,  2021-09-10),
(106, 3, 4, 4,  2021-09-10),
(107, 3, 5, 5,  2021-09-10),
(108, 4, 1, 2,  2021-08-20),
(109, 4, 2, 4,  2021-08-20),
(110, 4, 3, 2,  2021-08-20),
(111, 4, 4, 4,  2021-08-20),
(112, 4, 5, 2,  2021-08-20),
(113, 4, 1, 2,  2021-08-25),
(114, 4, 2, 3,  2021-08-25),
(115, 4, 3, 5,  2021-08-25),
(116, 4, 4, 5,  2021-08-25),
(117, 4, 5, 5,  2021-08-25),
(118, 4, 1, 5,  2021-09-05),
(119, 4, 2, 4,  2021-09-05),
(120, 4, 3, 3,  2021-09-05),
(121, 4, 4, 3,  2021-09-05),
(122, 4, 5, 4,  2021-09-05),
(123, 4, 1, 5,  2021-09-10),
(124, 4, 2, 2,  2021-09-10),
(125, 4, 3, 5,  2021-09-10),
(126, 4, 4, 2,  2021-09-10),
(127, 4, 5, 3,  2021-09-10),
(128, 5, 1, 4,  2021-08-20),
(129, 5, 2, 5,  2021-08-20),
(130, 5, 3, 4,  2021-08-20),
(131, 5, 4, 5,  2021-08-20),
(132, 5, 5, 4,  2021-08-20),
(133, 5, 1, 4,  2021-08-25),
(134, 5, 2, 5,  2021-08-25),
(135, 5, 3, 4,  2021-08-25),
(136, 5, 4, 4,  2021-08-25),
(137, 5, 5, 2,  2021-08-25),
(138, 5, 1, 2,  2021-09-05),
(139, 5, 2, 3,  2021-09-05),
(140, 5, 3, 3,  2021-09-05),
(141, 5, 4, 4,  2021-09-05),
(142, 5, 5, 2,  2021-09-05),
(143, 5, 1, 2,  2021-09-10),
(144, 5, 2, 4,  2021-09-10),
(145, 5, 3, 4,  2021-09-10),
(146, 5, 4, 3,  2021-09-10),
(147, 5, 5, 5,  2021-09-10),
(148, 6, 1, 5,  2021-08-20),
(149, 6, 2, 4,  2021-08-20),
(150, 6, 3, 2,  2021-08-20),
(151, 6, 4, 4,  2021-08-20),
(152, 6, 5, 3,  2021-08-20),
(153, 6, 1, 4,  2021-08-25),
(154, 6, 2, 3,  2021-08-25),
(155, 6, 3, 2,  2021-08-25),
(156, 6, 4, 5,  2021-08-25),
(157, 6, 5, 5,  2021-08-25),
(158, 6, 1, 3,  2021-09-05),
(159, 6, 2, 3,  2021-09-05),
(160, 6, 3, 3,  2021-09-05),
(161, 6, 4, 5,  2021-09-05),
(162, 6, 5, 4,  2021-09-05),
(163, 6, 1, 3,  2021-09-10),
(164, 6, 2, 2,  2021-09-10),
(165, 6, 3, 5,  2021-09-10),
(166, 6, 4, 3,  2021-09-10),
(167, 6, 5, 2,  2021-09-10),
(168, 7, 1, 3,  2021-08-20),
(169, 7, 2, 5,  2021-08-20),
(170, 7, 3, 3,  2021-08-20),
(171, 7, 4, 5,  2021-08-20),
(172, 7, 5, 4,  2021-08-20),
(173, 7, 1, 3,  2021-08-25),
(174, 7, 2, 2,  2021-08-25),
(175, 7, 3, 4,  2021-08-25),
(176, 7, 4, 4,  2021-08-25),
(177, 7, 5, 2,  2021-08-25),
(178, 7, 1, 3,  2021-09-05),
(179, 7, 2, 5,  2021-09-05),
(180, 7, 3, 4,  2021-09-05),
(181, 7, 4, 3,  2021-09-05),
(182, 7, 5, 4,  2021-09-05),
(183, 7, 1, 4,  2021-09-10),
(184, 7, 2, 3,  2021-09-10),
(185, 7, 3, 4,  2021-09-10),
(186, 7, 4, 3,  2021-09-10),
(187, 7, 5, 3,  2021-09-10),
(188, 8, 1, 3,  2021-08-20),
(189, 8, 2, 5,  2021-08-20),
(190, 8, 3, 5,  2021-08-20),
(191, 8, 4, 2,  2021-08-20),
(192, 8, 5, 3,  2021-08-20),
(193, 8, 1, 3,  2021-08-25),
(194, 8, 2, 2,  2021-08-25),
(195, 8, 3, 4,  2021-08-25),
(196, 8, 4, 5,  2021-08-25),
(197, 8, 5, 4,  2021-08-25),
(198, 8, 1, 3,  2021-09-05),
(199, 8, 2, 2,  2021-09-05),
(200, 8, 3, 4,  2021-09-05),
(201, 8, 4, 3,  2021-09-05),
(202, 8, 5, 5,  2021-09-05),
(203, 8, 1, 4,  2021-09-10),
(204, 8, 2, 3,  2021-09-10),
(205, 8, 3, 3,  2021-09-10),
(206, 8, 4, 3,  2021-09-10),
(207, 8, 5, 2,  2021-09-10),
(208, 9, 1, 4,  2021-08-20),
(209, 9, 2, 4,  2021-08-20),
(210, 9, 3, 4,  2021-08-20),
(211, 9, 4, 4,  2021-08-20),
(212, 9, 5, 5,  2021-08-20),
(213, 9, 1, 2,  2021-08-25),
(214, 9, 2, 3,  2021-08-25),
(215, 9, 3, 4,  2021-08-25),
(216, 9, 4, 3,  2021-08-25),
(217, 9, 5, 3,  2021-08-25),
(218, 9, 1, 3,  2021-09-05),
(219, 9, 2, 4,  2021-09-05),
(220, 9, 3, 4,  2021-09-05),
(221, 9, 4, 2,  2021-09-05),
(222, 9, 5, 5,  2021-09-05),
(223, 9, 1, 2,  2021-09-10),
(224, 9, 2, 5,  2021-09-10),
(225, 9, 3, 2,  2021-09-10),
(226, 9, 4, 5,  2021-09-10),
(227, 9, 5, 5,  2021-09-10),
(228, 10, 1, 5,  2021-08-20),
(229, 10, 2, 2,  2021-08-20),
(230, 10, 3, 4,  2021-08-20),
(231, 10, 4, 4,  2021-08-20),
(232, 10, 5, 2,  2021-08-20),
(233, 10, 1, 2,  2021-08-25),
(234, 10, 2, 2,  2021-08-25),
(235, 10, 3, 5,  2021-08-25),
(236, 10, 4, 3,  2021-08-25),
(237, 10, 5, 4,  2021-08-25),
(238, 10, 1, 3,  2021-09-05),
(239, 10, 2, 3,  2021-09-05),
(240, 10, 3, 3,  2021-09-05),
(241, 10, 4, 4,  2021-09-05),
(242, 10, 5, 4,  2021-09-05),
(243, 10, 1, 5,  2021-09-10),
(244, 10, 2, 3,  2021-09-10),
(245, 10, 3, 2,  2021-09-10),
(246, 10, 4, 3,  2021-09-10),
(247, 10, 5, 2,  2021-09-10),
(248, 11, 1, 4,  2021-08-20),
(249, 11, 2, 3,  2021-08-20),
(250, 11, 3, 4,  2021-08-20),
(251, 11, 4, 3,  2021-08-20),
(252, 11, 5, 3,  2021-08-20),
(253, 11, 1, 3,  2021-08-25),
(254, 11, 2, 4,  2021-08-25),
(255, 11, 3, 5,  2021-08-25),
(256, 11, 4, 4,  2021-08-25),
(257, 11, 5, 3,  2021-08-25),
(258, 11, 1, 2,  2021-09-05),
(259, 11, 2, 2,  2021-09-05),
(260, 11, 3, 5,  2021-09-05),
(261, 11, 4, 2,  2021-09-05),
(262, 11, 5, 3,  2021-09-05),
(263, 11, 1, 5,  2021-09-10),
(264, 11, 2, 5,  2021-09-10),
(265, 11, 3, 5,  2021-09-10),
(266, 11, 4, 2,  2021-09-10),
(267, 11, 5, 4,  2021-09-10),
(268, 12, 1, 2,  2021-08-20),
(269, 12, 2, 2,  2021-08-20),
(270, 12, 3, 3,  2021-08-20),
(271, 12, 4, 5,  2021-08-20),
(272, 12, 5, 4,  2021-08-20),
(273, 12, 1, 3,  2021-08-25),
(274, 12, 2, 3,  2021-08-25),
(275, 12, 3, 3,  2021-08-25),
(276, 12, 4, 2,  2021-08-25),
(277, 12, 5, 2,  2021-08-25),
(278, 12, 1, 4,  2021-09-05),
(279, 12, 2, 5,  2021-09-05),
(280, 12, 3, 4,  2021-09-05),
(281, 12, 4, 4,  2021-09-05),
(282, 12, 5, 3,  2021-09-05),
(283, 12, 1, 4,  2021-09-10),
(284, 12, 2, 2,  2021-09-10),
(285, 12, 3, 2,  2021-09-10),
(286, 12, 4, 4,  2021-09-10),
(287, 12, 5, 3,  2021-09-10),
(288, 13, 1, 5,  2021-08-20),
(289, 13, 2, 5,  2021-08-20),
(290, 13, 3, 2,  2021-08-20),
(291, 13, 4, 4,  2021-08-20),
(292, 13, 5, 4,  2021-08-20),
(293, 13, 1, 3,  2021-08-25),
(294, 13, 2, 3,  2021-08-25),
(295, 13, 3, 3,  2021-08-25),
(296, 13, 4, 3,  2021-08-25),
(297, 13, 5, 4,  2021-08-25),
(298, 13, 1, 3,  2021-09-05),
(299, 13, 2, 4,  2021-09-05),
(300, 13, 3, 2,  2021-09-05),
(301, 13, 4, 5,  2021-09-05),
(302, 13, 5, 4,  2021-09-05),
(303, 13, 1, 4,  2021-09-10),
(304, 13, 2, 4,  2021-09-10),
(305, 13, 3, 2,  2021-09-10),
(306, 13, 4, 3,  2021-09-10),
(307, 13, 5, 4,  2021-09-10),
(308, 14, 1, 4,  2021-08-20),
(309, 14, 2, 5,  2021-08-20),
(310, 14, 3, 3,  2021-08-20),
(311, 14, 4, 2,  2021-08-20),
(312, 14, 5, 4,  2021-08-20),
(313, 14, 1, 2,  2021-08-25),
(314, 14, 2, 4,  2021-08-25),
(315, 14, 3, 2,  2021-08-25),
(316, 14, 4, 3,  2021-08-25),
(317, 14, 5, 5,  2021-08-25),
(318, 14, 1, 5,  2021-09-05),
(319, 14, 2, 4,  2021-09-05),
(320, 14, 3, 2,  2021-09-05),
(321, 14, 4, 5,  2021-09-05),
(322, 14, 5, 5,  2021-09-05),
(323, 14, 1, 3,  2021-09-10),
(324, 14, 2, 4,  2021-09-10),
(325, 14, 3, 4,  2021-09-10),
(326, 14, 4, 3,  2021-09-10),
(327, 14, 5, 3,  2021-09-10),
(328, 15, 1, 5,  2021-08-20),
(329, 15, 2, 3,  2021-08-20),
(330, 15, 3, 3,  2021-08-20),
(331, 15, 4, 3,  2021-08-20),
(332, 15, 5, 5,  2021-08-20),
(333, 15, 1, 4,  2021-08-25),
(334, 15, 2, 3,  2021-08-25),
(335, 15, 3, 4,  2021-08-25),
(336, 15, 4, 5,  2021-08-25),
(337, 15, 5, 3,  2021-08-25),
(338, 15, 1, 2,  2021-09-05),
(339, 15, 2, 5,  2021-09-05),
(340, 15, 3, 4,  2021-09-05),
(341, 15, 4, 4,  2021-09-05),
(342, 15, 5, 3,  2021-09-05),
(343, 15, 1, 3,  2021-09-10),
(344, 15, 2, 2,  2021-09-10),
(345, 15, 3, 4,  2021-09-10),
(346, 15, 4, 3,  2021-09-10),
(347, 15, 5, 5,  2021-09-10),
(348, 16, 1, 3,  2021-08-20),
(349, 16, 2, 5,  2021-08-20),
(350, 16, 3, 3,  2021-08-20),
(351, 16, 4, 2,  2021-08-20),
(352, 16, 5, 5,  2021-08-20),
(353, 16, 1, 4,  2021-08-25),
(354, 16, 2, 3,  2021-08-25),
(355, 16, 3, 2,  2021-08-25),
(356, 16, 4, 5,  2021-08-25),
(357, 16, 5, 5,  2021-08-25),
(358, 16, 1, 4,  2021-09-05),
(359, 16, 2, 3,  2021-09-05),
(360, 16, 3, 3,  2021-09-05),
(361, 16, 4, 4,  2021-09-05),
(362, 16, 5, 4,  2021-09-05),
(363, 16, 1, 5,  2021-09-10),
(364, 16, 2, 5,  2021-09-10),
(365, 16, 3, 2,  2021-09-10),
(366, 16, 4, 5,  2021-09-10),
(367, 16, 5, 4,  2021-09-10),
(368, 17, 1, 3,  2021-08-20),
(369, 17, 2, 3,  2021-08-20),
(370, 17, 3, 4,  2021-08-20),
(371, 17, 4, 5,  2021-08-20),
(372, 17, 5, 4,  2021-08-20),
(373, 17, 1, 4,  2021-08-25),
(374, 17, 2, 4,  2021-08-25),
(375, 17, 3, 3,  2021-08-25),
(376, 17, 4, 4,  2021-08-25),
(377, 17, 5, 3,  2021-08-25),
(378, 17, 1, 5,  2021-09-05),
(379, 17, 2, 3,  2021-09-05),
(380, 17, 3, 5,  2021-09-05),
(381, 17, 4, 5,  2021-09-05),
(382, 17, 5, 3,  2021-09-05),
(383, 17, 1, 5,  2021-09-10),
(384, 17, 2, 4,  2021-09-10),
(385, 17, 3, 4,  2021-09-10),
(386, 17, 4, 2,  2021-09-10),
(387, 17, 5, 3,  2021-09-10),
(388, 18, 1, 4,  2021-08-20),
(389, 18, 2, 2,  2021-08-20),
(390, 18, 3, 3,  2021-08-20),
(391, 18, 4, 4,  2021-08-20),
(392, 18, 5, 2,  2021-08-20),
(393, 18, 1, 5,  2021-08-25),
(394, 18, 2, 3,  2021-08-25),
(395, 18, 3, 3,  2021-08-25),
(396, 18, 4, 3,  2021-08-25),
(397, 18, 5, 5,  2021-08-25),
(398, 18, 1, 3,  2021-09-05),
(399, 18, 2, 2,  2021-09-05),
(400, 18, 3, 2,  2021-09-05),
(401, 18, 4, 4,  2021-09-05),
(402, 18, 5, 3,  2021-09-05),
(403, 18, 1, 3,  2021-09-10),
(404, 18, 2, 2,  2021-09-10),
(405, 18, 3, 2,  2021-09-10),
(406, 18, 4, 4,  2021-09-10),
(407, 18, 5, 5,  2021-09-10),
(408, 19, 1, 5,  2021-08-20),
(409, 19, 2, 2,  2021-08-20),
(410, 19, 3, 2,  2021-08-20),
(411, 19, 4, 2,  2021-08-20),
(412, 19, 5, 2,  2021-08-20),
(413, 19, 1, 4,  2021-08-25),
(414, 19, 2, 3,  2021-08-25),
(415, 19, 3, 5,  2021-08-25),
(416, 19, 4, 3,  2021-08-25),
(417, 19, 5, 2,  2021-08-25),
(418, 19, 1, 5,  2021-09-05),
(419, 19, 2, 2,  2021-09-05),
(420, 19, 3, 2,  2021-09-05),
(421, 19, 4, 2,  2021-09-05),
(422, 19, 5, 4,  2021-09-05),
(423, 19, 1, 4,  2021-09-10),
(424, 19, 2, 3,  2021-09-10),
(425, 19, 3, 2,  2021-09-10),
(426, 19, 4, 2,  2021-09-10),
(427, 19, 5, 3,  2021-09-10),
(428, 20, 1, 2,  2021-08-20),
(429, 20, 2, 4,  2021-08-20),
(430, 20, 3, 4,  2021-08-20),
(431, 20, 4, 4,  2021-08-20),
(432, 20, 5, 2,  2021-08-20),
(433, 20, 1, 5,  2021-08-25),
(434, 20, 2, 4,  2021-08-25),
(435, 20, 3, 3,  2021-08-25),
(436, 20, 4, 2,  2021-08-25),
(437, 20, 5, 2,  2021-08-25),
(438, 20, 1, 3,  2021-09-05),
(439, 20, 2, 2,  2021-09-05),
(440, 20, 3, 4,  2021-09-05),
(441, 20, 4, 2,  2021-09-05),
(442, 20, 5, 3,  2021-09-05),
(443, 20, 1, 5,  2021-09-10),
(444, 20, 2, 5,  2021-09-10),
(445, 20, 3, 4,  2021-09-10),
(446, 20, 4, 2,  2021-09-10),
(447, 20, 5, 5,  2021-09-10),
(448, 21, 1, 4,  2021-08-20),
(449, 21, 2, 4,  2021-08-20),
(450, 21, 3, 3,  2021-08-20),
(451, 21, 4, 4,  2021-08-20),
(452, 21, 5, 4,  2021-08-20),
(453, 21, 1, 3,  2021-08-25),
(454, 21, 2, 4,  2021-08-25),
(455, 21, 3, 2,  2021-08-25),
(456, 21, 4, 4,  2021-08-25),
(457, 21, 5, 3,  2021-08-25),
(458, 21, 1, 2,  2021-09-05),
(459, 21, 2, 3,  2021-09-05),
(460, 21, 3, 2,  2021-09-05),
(461, 21, 4, 3,  2021-09-05),
(462, 21, 5, 5,  2021-09-05),
(463, 21, 1, 4,  2021-09-10),
(464, 21, 2, 4,  2021-09-10),
(465, 21, 3, 2,  2021-09-10),
(466, 21, 4, 4,  2021-09-10),
(467, 21, 5, 4,  2021-09-10),
(468, 22, 1, 4,  2021-08-20),
(469, 22, 2, 3,  2021-08-20),
(470, 22, 3, 2,  2021-08-20),
(471, 22, 4, 5,  2021-08-20),
(472, 22, 5, 3,  2021-08-20),
(473, 22, 1, 2,  2021-08-25),
(474, 22, 2, 3,  2021-08-25),
(475, 22, 3, 4,  2021-08-25),
(476, 22, 4, 4,  2021-08-25),
(477, 22, 5, 3,  2021-08-25),
(478, 22, 1, 5,  2021-09-05),
(479, 22, 2, 2,  2021-09-05),
(480, 22, 3, 5,  2021-09-05),
(481, 22, 4, 5,  2021-09-05),
(482, 22, 5, 2,  2021-09-05),
(483, 22, 1, 4,  2021-09-10),
(484, 22, 2, 3,  2021-09-10),
(485, 22, 3, 2,  2021-09-10),
(486, 22, 4, 4,  2021-09-10),
(487, 22, 5, 5,  2021-09-10),
(488, 23, 1, 3,  2021-08-20),
(489, 23, 2, 3,  2021-08-20),
(490, 23, 3, 5,  2021-08-20),
(491, 23, 4, 2,  2021-08-20),
(492, 23, 5, 3,  2021-08-20),
(493, 23, 1, 3,  2021-08-25),
(494, 23, 2, 4,  2021-08-25),
(495, 23, 3, 4,  2021-08-25),
(496, 23, 4, 5,  2021-08-25),
(497, 23, 5, 5,  2021-08-25),
(498, 23, 1, 5,  2021-09-05),
(499, 23, 2, 3,  2021-09-05),
(500, 23, 3, 3,  2021-09-05),
(501, 23, 4, 3,  2021-09-05),
(502, 23, 5, 4,  2021-09-05),
(503, 23, 1, 5,  2021-09-10),
(504, 23, 2, 3,  2021-09-10),
(505, 23, 3, 4,  2021-09-10),
(506, 23, 4, 3,  2021-09-10),
(507, 23, 5, 3,  2021-09-10),
(508, 24, 1, 5,  2021-08-20),
(509, 24, 2, 4,  2021-08-20),
(510, 24, 3, 4,  2021-08-20),
(511, 24, 4, 5,  2021-08-20),
(512, 24, 5, 5,  2021-08-20),
(513, 24, 1, 5,  2021-08-25),
(514, 24, 2, 2,  2021-08-25),
(515, 24, 3, 3,  2021-08-25),
(516, 24, 4, 2,  2021-08-25),
(517, 24, 5, 3,  2021-08-25),
(518, 24, 1, 4,  2021-09-05),
(519, 24, 2, 3,  2021-09-05),
(520, 24, 3, 2,  2021-09-05),
(521, 24, 4, 5,  2021-09-05),
(522, 24, 5, 4,  2021-09-05),
(523, 24, 1, 4,  2021-09-10),
(524, 24, 2, 3,  2021-09-10),
(525, 24, 3, 4,  2021-09-10),
(526, 24, 4, 5,  2021-09-10),
(527, 24, 5, 4,  2021-09-10),
(528, 25, 1, 3,  2021-08-20),
(529, 25, 2, 2,  2021-08-20),
(530, 25, 3, 2,  2021-08-20),
(531, 25, 4, 4,  2021-08-20),
(532, 25, 5, 4,  2021-08-20),
(533, 25, 1, 4,  2021-08-25),
(534, 25, 2, 4,  2021-08-25),
(535, 25, 3, 4,  2021-08-25),
(536, 25, 4, 4,  2021-08-25),
(537, 25, 5, 3,  2021-08-25),
(538, 25, 1, 5,  2021-09-05),
(539, 25, 2, 4,  2021-09-05),
(540, 25, 3, 3,  2021-09-05),
(541, 25, 4, 3,  2021-09-05),
(542, 25, 5, 4,  2021-09-05),
(543, 25, 1, 4,  2021-09-10),
(544, 25, 2, 2,  2021-09-10),
(545, 25, 3, 5,  2021-09-10),
(546, 25, 4, 3,  2021-09-10),
(547, 25, 5, 4,  2021-09-10),
(548, 26, 1, 3,  2021-08-20),
(549, 26, 2, 4,  2021-08-20),
(550, 26, 3, 4,  2021-08-20),
(551, 26, 4, 4,  2021-08-20),
(552, 26, 5, 5,  2021-08-20),
(553, 26, 1, 5,  2021-08-25),
(554, 26, 2, 2,  2021-08-25),
(555, 26, 3, 3,  2021-08-25),
(556, 26, 4, 4,  2021-08-25),
(557, 26, 5, 5,  2021-08-25),
(558, 26, 1, 4,  2021-09-05),
(559, 26, 2, 5,  2021-09-05),
(560, 26, 3, 2,  2021-09-05),
(561, 26, 4, 5,  2021-09-05),
(562, 26, 5, 3,  2021-09-05),
(563, 26, 1, 2,  2021-09-10),
(564, 26, 2, 4,  2021-09-10),
(565, 26, 3, 4,  2021-09-10),
(566, 26, 4, 3,  2021-09-10),
(567, 26, 5, 3,  2021-09-10),
(568, 27, 1, 5,  2021-08-20),
(569, 27, 2, 5,  2021-08-20),
(570, 27, 3, 5,  2021-08-20),
(571, 27, 4, 4,  2021-08-20),
(572, 27, 5, 3,  2021-08-20),
(573, 27, 1, 2,  2021-08-25),
(574, 27, 2, 5,  2021-08-25),
(575, 27, 3, 2,  2021-08-25),
(576, 27, 4, 4,  2021-08-25),
(577, 27, 5, 4,  2021-08-25),
(578, 27, 1, 2,  2021-09-05),
(579, 27, 2, 4,  2021-09-05),
(580, 27, 3, 4,  2021-09-05),
(581, 27, 4, 2,  2021-09-05),
(582, 27, 5, 5,  2021-09-05),
(583, 27, 1, 5,  2021-09-10),
(584, 27, 2, 5,  2021-09-10),
(585, 27, 3, 4,  2021-09-10),
(586, 27, 4, 4,  2021-09-10),
(587, 27, 5, 2,  2021-09-10),
(588, 28, 1, 3,  2021-08-20),
(589, 28, 2, 5,  2021-08-20),
(590, 28, 3, 5,  2021-08-20),
(591, 28, 4, 4,  2021-08-20),
(592, 28, 5, 4,  2021-08-20),
(593, 28, 1, 3,  2021-08-25),
(594, 28, 2, 2,  2021-08-25),
(595, 28, 3, 3,  2021-08-25),
(596, 28, 4, 3,  2021-08-25),
(597, 28, 5, 5,  2021-08-25),
(598, 28, 1, 4,  2021-09-05),
(599, 28, 2, 3,  2021-09-05),
(600, 28, 3, 3,  2021-09-05),
(601, 28, 4, 5,  2021-09-05),
(602, 28, 5, 5,  2021-09-05),
(603, 28, 1, 2,  2021-09-10),
(604, 28, 2, 2,  2021-09-10),
(605, 28, 3, 5,  2021-09-10),
(606, 28, 4, 3,  2021-09-10),
(607, 28, 5, 5,  2021-09-10),
(608, 29, 1, 2,  2021-08-20),
(609, 29, 2, 2,  2021-08-20),
(610, 29, 3, 2,  2021-08-20),
(611, 29, 4, 2,  2021-08-20),
(612, 29, 5, 3,  2021-08-20),
(613, 29, 1, 5,  2021-08-25),
(614, 29, 2, 4,  2021-08-25),
(615, 29, 3, 5,  2021-08-25),
(616, 29, 4, 3,  2021-08-25),
(617, 29, 5, 4,  2021-08-25),
(618, 29, 1, 2,  2021-09-05),
(619, 29, 2, 4,  2021-09-05),
(620, 29, 3, 2,  2021-09-05),
(621, 29, 4, 4,  2021-09-05),
(622, 29, 5, 2,  2021-09-05),
(623, 29, 1, 5,  2021-09-10),
(624, 29, 2, 4,  2021-09-10),
(625, 29, 3, 4,  2021-09-10),
(626, 29, 4, 5,  2021-09-10),
(627, 29, 5, 5,  2021-09-10),
(628, 30, 1, 4,  2021-08-20),
(629, 30, 2, 4,  2021-08-20),
(630, 30, 3, 2,  2021-08-20),
(631, 30, 4, 2,  2021-08-20),
(632, 30, 5, 4,  2021-08-20),
(633, 30, 1, 5,  2021-08-25),
(634, 30, 2, 2,  2021-08-25),
(635, 30, 3, 2,  2021-08-25),
(636, 30, 4, 4,  2021-08-25),
(637, 30, 5, 3,  2021-08-25),
(638, 30, 1, 5,  2021-09-05),
(639, 30, 2, 5,  2021-09-05),
(640, 30, 3, 4,  2021-09-05),
(641, 30, 4, 3,  2021-09-05),
(642, 30, 5, 2,  2021-09-05),
(643, 30, 1, 4,  2021-09-10),
(644, 30, 2, 2,  2021-09-10),
(645, 30, 3, 5,  2021-09-10),
(646, 30, 4, 3,  2021-09-10),
(647, 30, 5, 5,  2021-09-10),
(648, 31, 1, 4,  2021-08-20),
(649, 31, 2, 3,  2021-08-20),
(650, 31, 3, 5,  2021-08-20),
(651, 31, 4, 4,  2021-08-20),
(652, 31, 5, 4,  2021-08-20),
(653, 31, 1, 3,  2021-08-25),
(654, 31, 2, 2,  2021-08-25),
(655, 31, 3, 4,  2021-08-25),
(656, 31, 4, 2,  2021-08-25),
(657, 31, 5, 3,  2021-08-25),
(658, 31, 1, 2,  2021-09-05),
(659, 31, 2, 4,  2021-09-05),
(660, 31, 3, 5,  2021-09-05),
(661, 31, 4, 2,  2021-09-05),
(662, 31, 5, 2,  2021-09-05),
(663, 31, 1, 5,  2021-09-10),
(664, 31, 2, 4,  2021-09-10),
(665, 31, 3, 2,  2021-09-10),
(666, 31, 4, 2,  2021-09-10),
(667, 31, 5, 3,  2021-09-10),
(668, 32, 1, 2,  2021-08-20),
(669, 32, 2, 2,  2021-08-20),
(670, 32, 3, 2,  2021-08-20),
(671, 32, 4, 3,  2021-08-20),
(672, 32, 5, 4,  2021-08-20),
(673, 32, 1, 4,  2021-08-25),
(674, 32, 2, 5,  2021-08-25),
(675, 32, 3, 5,  2021-08-25),
(676, 32, 4, 4,  2021-08-25),
(677, 32, 5, 3,  2021-08-25),
(678, 32, 1, 2,  2021-09-05),
(679, 32, 2, 2,  2021-09-05),
(680, 32, 3, 3,  2021-09-05),
(681, 32, 4, 5,  2021-09-05),
(682, 32, 5, 5,  2021-09-05),
(683, 32, 1, 2,  2021-09-10),
(684, 32, 2, 2,  2021-09-10),
(685, 32, 3, 4,  2021-09-10),
(686, 32, 4, 5,  2021-09-10),
(687, 32, 5, 5,  2021-09-10),
(688, 33, 1, 3,  2021-08-20),
(689, 33, 2, 4,  2021-08-20),
(690, 33, 3, 2,  2021-08-20),
(691, 33, 4, 3,  2021-08-20),
(692, 33, 5, 2,  2021-08-20),
(693, 33, 1, 2,  2021-08-25),
(694, 33, 2, 2,  2021-08-25),
(695, 33, 3, 2,  2021-08-25),
(696, 33, 4, 4,  2021-08-25),
(697, 33, 5, 3,  2021-08-25),
(698, 33, 1, 3,  2021-09-05),
(699, 33, 2, 3,  2021-09-05),
(700, 33, 3, 5,  2021-09-05),
(701, 33, 4, 4,  2021-09-05),
(702, 33, 5, 4,  2021-09-05),
(703, 33, 1, 2,  2021-09-10),
(704, 33, 2, 5,  2021-09-10),
(705, 33, 3, 5,  2021-09-10),
(706, 33, 4, 2,  2021-09-10),
(707, 33, 5, 2,  2021-09-10),
(708, 34, 1, 3,  2021-08-20),
(709, 34, 2, 3,  2021-08-20),
(710, 34, 3, 4,  2021-08-20),
(711, 34, 4, 2,  2021-08-20),
(712, 34, 5, 3,  2021-08-20),
(713, 34, 1, 4,  2021-08-25),
(714, 34, 2, 4,  2021-08-25),
(715, 34, 3, 5,  2021-08-25),
(716, 34, 4, 4,  2021-08-25),
(717, 34, 5, 5,  2021-08-25),
(718, 34, 1, 5,  2021-09-05),
(719, 34, 2, 3,  2021-09-05),
(720, 34, 3, 3,  2021-09-05),
(721, 34, 4, 5,  2021-09-05),
(722, 34, 5, 5,  2021-09-05),
(723, 34, 1, 5,  2021-09-10),
(724, 34, 2, 2,  2021-09-10),
(725, 34, 3, 2,  2021-09-10),
(726, 34, 4, 2,  2021-09-10),
(727, 34, 5, 5,  2021-09-10),
(728, 35, 1, 5,  2021-08-20),
(729, 35, 2, 2,  2021-08-20),
(730, 35, 3, 2,  2021-08-20),
(731, 35, 4, 3,  2021-08-20),
(732, 35, 5, 4,  2021-08-20),
(733, 35, 1, 3,  2021-08-25),
(734, 35, 2, 4,  2021-08-25),
(735, 35, 3, 5,  2021-08-25),
(736, 35, 4, 2,  2021-08-25),
(737, 35, 5, 2,  2021-08-25),
(738, 35, 1, 5,  2021-09-05),
(739, 35, 2, 3,  2021-09-05),
(740, 35, 3, 5,  2021-09-05),
(741, 35, 4, 5,  2021-09-05),
(742, 35, 5, 5,  2021-09-05),
(743, 35, 1, 2,  2021-09-10),
(744, 35, 2, 5,  2021-09-10),
(745, 35, 3, 2,  2021-09-10),
(746, 35, 4, 5,  2021-09-10),
(747, 35, 5, 3,  2021-09-10),
(748, 36, 1, 3,  2021-08-20),
(749, 36, 2, 3,  2021-08-20),
(750, 36, 3, 5,  2021-08-20),
(751, 36, 4, 4,  2021-08-20),
(752, 36, 5, 4,  2021-08-20),
(753, 36, 1, 3,  2021-08-25),
(754, 36, 2, 3,  2021-08-25),
(755, 36, 3, 5,  2021-08-25),
(756, 36, 4, 5,  2021-08-25),
(757, 36, 5, 4,  2021-08-25),
(758, 36, 1, 4,  2021-09-05),
(759, 36, 2, 3,  2021-09-05),
(760, 36, 3, 3,  2021-09-05),
(761, 36, 4, 2,  2021-09-05),
(762, 36, 5, 5,  2021-09-05),
(763, 36, 1, 5,  2021-09-10),
(764, 36, 2, 3,  2021-09-10),
(765, 36, 3, 5,  2021-09-10),
(766, 36, 4, 5,  2021-09-10),
(767, 36, 5, 3,  2021-09-10),
(768, 37, 1, 3,  2021-08-20),
(769, 37, 2, 3,  2021-08-20),
(770, 37, 3, 4,  2021-08-20),
(771, 37, 4, 4,  2021-08-20),
(772, 37, 5, 3,  2021-08-20),
(773, 37, 1, 3,  2021-08-25),
(774, 37, 2, 3,  2021-08-25),
(775, 37, 3, 2,  2021-08-25),
(776, 37, 4, 5,  2021-08-25),
(777, 37, 5, 2,  2021-08-25),
(778, 37, 1, 2,  2021-09-05),
(779, 37, 2, 5,  2021-09-05),
(780, 37, 3, 5,  2021-09-05),
(781, 37, 4, 2,  2021-09-05),
(782, 37, 5, 4,  2021-09-05),
(783, 37, 1, 3,  2021-09-10),
(784, 37, 2, 5,  2021-09-10),
(785, 37, 3, 2,  2021-09-10),
(786, 37, 4, 5,  2021-09-10),
(787, 37, 5, 3,  2021-09-10),
(788, 38, 1, 4,  2021-08-20),
(789, 38, 2, 2,  2021-08-20),
(790, 38, 3, 5,  2021-08-20),
(791, 38, 4, 2,  2021-08-20),
(792, 38, 5, 5,  2021-08-20),
(793, 38, 1, 3,  2021-08-25),
(794, 38, 2, 2,  2021-08-25),
(795, 38, 3, 5,  2021-08-25),
(796, 38, 4, 5,  2021-08-25),
(797, 38, 5, 4,  2021-08-25),
(798, 38, 1, 5,  2021-09-05),
(799, 38, 2, 4,  2021-09-05),
(800, 38, 3, 2,  2021-09-05),
(801, 38, 4, 2,  2021-09-05),
(802, 38, 5, 2,  2021-09-05),
(803, 38, 1, 2,  2021-09-10),
(804, 38, 2, 3,  2021-09-10),
(805, 38, 3, 3,  2021-09-10),
(806, 38, 4, 5,  2021-09-10),
(807, 38, 5, 4,  2021-09-10),
(808, 39, 1, 2,  2021-08-20),
(809, 39, 2, 3,  2021-08-20),
(810, 39, 3, 4,  2021-08-20),
(811, 39, 4, 3,  2021-08-20),
(812, 39, 5, 3,  2021-08-20),
(813, 39, 1, 2,  2021-08-25),
(814, 39, 2, 4,  2021-08-25),
(815, 39, 3, 2,  2021-08-25),
(816, 39, 4, 2,  2021-08-25),
(817, 39, 5, 4,  2021-08-25),
(818, 39, 1, 5,  2021-09-05),
(819, 39, 2, 2,  2021-09-05),
(820, 39, 3, 4,  2021-09-05),
(821, 39, 4, 3,  2021-09-05),
(822, 39, 5, 4,  2021-09-05),
(823, 39, 1, 3,  2021-09-10),
(824, 39, 2, 3,  2021-09-10),
(825, 39, 3, 4,  2021-09-10),
(826, 39, 4, 5,  2021-09-10),
(827, 39, 5, 5,  2021-09-10),
(828, 40, 1, 3,  2021-08-20),
(829, 40, 2, 2,  2021-08-20),
(830, 40, 3, 3,  2021-08-20),
(831, 40, 4, 2,  2021-08-20),
(832, 40, 5, 2,  2021-08-20),
(833, 40, 1, 5,  2021-08-25),
(834, 40, 2, 5,  2021-08-25),
(835, 40, 3, 3,  2021-08-25),
(836, 40, 4, 4,  2021-08-25),
(837, 40, 5, 5,  2021-08-25),
(838, 40, 1, 5,  2021-09-05),
(839, 40, 2, 2,  2021-09-05),
(840, 40, 3, 2,  2021-09-05),
(841, 40, 4, 4,  2021-09-05),
(842, 40, 5, 5,  2021-09-05),
(843, 40, 1, 4,  2021-09-10),
(844, 40, 2, 4,  2021-09-10),
(845, 40, 3, 4,  2021-09-10),
(846, 40, 4, 5,  2021-09-10),
(847, 40, 5, 2,  2021-09-10);
